<?xml version="1.0" encoding="UTF-8"?>
<window type="dialog" id="1154">
    <defaultcontrol always="true">11</defaultcontrol>
    <include>openclose</include>
    <controls>
        <include>DialogBackgroundSimple</include>
        <include>BlackStripes</include>
        <control type="group">
            <top>60</top>
            <include>openclosebox</include>
            <control type="group">
                <left>510</left>
                <top>270</top>
                <include content="DialogInfoBackgroundParam">
                    <param name="DialogBackgroundLeft" value="0" />
                    <param name="DialogBackgroundTop" value="0" />
                    <param name="DialogBackgroundWidth" value="900" />
                    <param name="DialogBackgroundHeight" value="450" />
                    <param name="DialogSeparatorTop" value="60" />
                    <param name="DialogSeparatorBottom" value="450" />
                    <param name="DialogShadowTop" value="452" />
                    <param name="DialogHeaderLabel" value="20077" />
                    <param name="DialogHeaderTop" value="8" />
                    <param name="DialogHeaderId" value="1" />
                </include>
                <control type="image">
                    <left>0</left>
                    <top>388</top>
                    <width>900</width>
                    <height>60</height>
                    <colordiffuse>$VAR[BackgroundOverlayTransition]</colordiffuse>
                    <texture>WhiteBack.png</texture>
                </control>
            </control>
            <control type="group">
                <left>585</left>
                <top>330</top>
                <control type="label" id="3">
                    <description>dialog line</description>
                    <left>-15</left>
                    <top>135</top>
                    <width>780</width>
                    <height>45</height>
                    <align>center</align>
                    <aligny>center</aligny>
                    <textcolor>white</textcolor>
                    <shadowcolor>red</shadowcolor>
                    <font>impacted24</font>
                    <label>51170</label>
                </control>
                <control type="group">
                    <left>60</left>
                    <top>60</top>
                    <control type="button" id="10">
                        <description>Yes button</description>
                        <left>15</left>
                        <top>278</top>
                        <width>300</width>
                        <height>45</height>
                        <font>impacted21</font>
                        <label>107</label>
                        <textcolor>white</textcolor>
                        <focusedcolor>black</focusedcolor>
                        <align>center</align>
                        <onleft>12</onleft>
                        <onright>11</onright>
                        <onclick>Skin.ResetSettings</onclick>
                        <onclick>Notification(werden zurückgesetzt ...,Einstellungen,4000, DefaultIconInfo.png)</onclick>
                        <onclick>back</onclick>
                        <texturenofocus>-</texturenofocus>
                    </control>
                    <control type="button" id="11">
                        <description>No button</description>
                        <left>330</left>
                        <top>278</top>
                        <width>300</width>
                        <height>45</height>
                        <font>impacted21</font>
                        <label>106</label>
                        <textcolor>white</textcolor>
                        <focusedcolor>black</focusedcolor>
                        <align>center</align>
                        <onleft>10</onleft>
                        <onright>12</onright>
                        <onclick>back</onclick>
                        <texturenofocus>-</texturenofocus>
                    </control>
                </control>
            </control>
        </control>
    </controls>
</window>
