<?xml version="1.0" encoding="UTF-8"?>
<window>
    <defaultcontrol always="true">9</defaultcontrol>
	<backgroundcolor>$VAR[BackgroundOverlayTransition]</backgroundcolor>
    <include>openclose</include>
    <controls>
        <include>DialogBackgroundSimple</include>
        <control type="group">
            <include>openclosebox</include>
            <left>360</left>
            <top>105</top>
            <include content="DialogBackgroundCommons">
                <param name="DialogBackgroundWidth" value="2580" />
                <param name="DialogBackgroundHeight" value="1200" />
                <param name="DialogHeaderLabel" value="-" />
                <param name="DialogHeaderId" value="20" />
            </include>
            <include content="DialogInfoBackgroundParam">
                <param name="DialogBackgroundLeft" value="0" />
                <param name="DialogBackgroundTop" value="0" />
                <param name="DialogBackgroundWidth" value="1200" />
                <param name="DialogBackgroundHeight" value="855" />
                <param name="DialogSeparatorTop" value="60" />
                <param name="DialogSeparatorBottom" value="855" />
                <param name="DialogShadowTop" value="857" />
                <param name="DialogHeaderLabel" value="-" />
                <param name="DialogHeaderTop" value="8" />
                <param name="DialogHeaderId" value="20" />
            </include>
            <control type="image">
                <left>0</left>
                <top>98</top>
                <width>1200</width>
                <height>60</height>
                <colordiffuse>$VAR[BackgroundOverlayColorDialog]</colordiffuse>
                <texture>WhiteBack.png</texture>
            </control>
            <control type="image">
                <left>0</left>
                <top>795</top>
                <width>1200</width>
                <height>60</height>
                <colordiffuse>$VAR[BackgroundOverlayColorDialog]</colordiffuse>
                <texture>WhiteBack.png</texture>
            </control>
            <control type="grouplist" id="9">
                <description>button area</description>
                <left>68</left>
                <top>105</top>
                <width>1065</width>
                <height>60</height>
                <itemgap>8</itemgap>
                <align>center</align>
                <orientation>horizontal</orientation>
                <onleft>9</onleft>
                <onright>9</onright>
                <onup>2</onup>
                <ondown>2</ondown>
            </control>
            <control type="image">
                <description>Has Previous</description>
                <left>15</left>
                <top>112</top>
                <width>30</width>
                <height>30</height>
                <texture>ArrowBig.png</texture>
                <visible>Container(9).HasPrevious</visible>
            </control>
            <control type="image">
                <description>Has Next</description>
                <left>1155</left>
                <top>112</top>
                <width>30</width>
                <height>30</height>
                <texture flipx="true">ArrowBig.png</texture>
                <visible>Container(9).HasNext</visible>
            </control>
            <control type="grouplist" id="2">
                <description>control area</description>
                <left>60</left>
                <top>180</top>
                <width>1080</width>
                <height>570</height>
                <itemgap>8</itemgap>
                <pagecontrol>30</pagecontrol>
                <onup>9</onup>
                <ondown>9001</ondown>
                <onleft>2</onleft>
                <onright>30</onright>
            </control>
            <control type="scrollbar" id="30">
                <left>1155</left>
                <top>180</top>
                <width>18</width>
                <height>570</height>
                <onleft>2</onleft>
                <onright>2</onright>
                <showonepage>false</showonepage>
                <orientation>vertical</orientation>
            </control>
            <control type="group" id="9001">
                <top>802</top>
                <left>135</left>
                <control type="button" id="10">
                    <description>OK Button</description>
                    <left>0</left>
                    <top>0</top>
                    <width>300</width>
                    <align>center</align>
                    <aligny>center</aligny>
                    <font>impacted21</font>
                    <texturenofocus>-</texturenofocus>
                    <label>186</label>
                    <onleft>12</onleft>
                    <onright>11</onright>
                    <onup>2</onup>
                    <ondown>2</ondown>
                </control>
                <control type="button" id="11">
                    <description>Cancel Button</description>
                    <left>315</left>
                    <top>0</top>
                    <width>300</width>
                    <align>center</align>
                    <aligny>center</aligny>
                    <font>impacted21</font>
                    <texturenofocus>-</texturenofocus>
                    <label>222</label>
                    <onleft>10</onleft>
                    <onright>12</onright>
                    <onup>2</onup>
                    <ondown>2</ondown>
                </control>
                <control type="button" id="12">
                    <description>Defaults Button</description>
                    <left>630</left>
                    <top>0</top>
                    <width>300</width>
                    <align>center</align>
                    <aligny>center</aligny>
                    <font>impacted21</font>
                    <texturenofocus>-</texturenofocus>
                    <label>409</label>
                    <onleft>11</onleft>
                    <onright>10</onright>
                    <onup>2</onup>
                    <ondown>2</ondown>
                </control>
            </control>
            <control type="button" id="13">
                <description>Default Category Button</description>
                <width>260</width>
                <textcolor>white</textcolor>
                <focusedcolor>black</focusedcolor>
                <texturenofocus>-</texturenofocus>
                <pulseonselect>false</pulseonselect>
            </control>
            <control type="button" id="3">
                <description>Default Button</description>
                <textcolor>white</textcolor>
                <align>left</align>
                <focusedcolor>black</focusedcolor>
                <texturenofocus>-</texturenofocus>
            </control>
            <control type="radiobutton" id="4">
                <description>Default RadioButton</description>
                <textcolor>white</textcolor>
                <align>left</align>
                <focusedcolor>black</focusedcolor>
                <texturenofocus>-</texturenofocus>
            </control>
            <control type="spincontrolex" id="5">
                <description>Default spincontrolex</description>
                <textcolor>white</textcolor>
                <align>left</align>
                <focusedcolor>black</focusedcolor>
                <texturenofocus>-</texturenofocus>
                <aligny>center</aligny>
                <reverse>yes</reverse>
            </control>
            <control type="label" id="7">
                <label>-</label>
                <align>left</align>
                <textcolor>white</textcolor>
                <aligny>center</aligny>
            </control>
            <control type="image" id="6">
                <description>Default Seperator</description>
                <height>2</height>
                <colordiffuse>$VAR[BackgroundOverlayColorDialog]</colordiffuse>
                <texture>WhiteBack.png</texture>
            </control>
            <control type="sliderex" id="8">
                <description>Default Slider</description>
                <height>60</height>
                <align>left</align>
                <textcolor>white</textcolor>
                <focusedcolor>black</focusedcolor>
                <texturenofocus>-</texturenofocus>
            </control>
        </control>
    </controls>
</window>
