<?xml version="1.0" encoding="UTF-8"?>
<window id="609">
    <defaultcontrol always="true">11</defaultcontrol>
    <include>openclose</include>
    <animation effect="slide" start="735,0" end="0,0" time="400">WindowOpen</animation>
    <animation effect="slide" start="0,0" end="735,0" time="400">WindowClose</animation>
    <controls>
        <control type="group">
            <left>120</left>
            <control type="group">
                <control type="group">
                    <left>1028</left>
                    <top>-45</top>
                    <control type="image">
                        <left>-15</left>
                        <top>0</top>
                        <width>15</width>
                        <height>1200</height>
                        <colordiffuse>fanartdiffuse</colordiffuse>
                        <texture background="true" flipx="true">SideFade.png</texture>
                    </control>
                    <control type="image">
                        <left>0</left>
                        <top>0</top>
                        <width>750</width>
                        <height>1200</height>
                        <texture background="true">BlackBack.png</texture>
                    </control>
                    <control type="image">
                        <left>0</left>
                        <top>0</top>
                        <width>750</width>
                        <height>1200</height>
                        <colordiffuse>grey3</colordiffuse>
                        <texture background="true">WhiteBack.png</texture>
                    </control>
                    <control type="image">
                        <description>background image</description>
                        <left>0</left>
                        <top>0</top>
                        <width>752</width>
                        <height>225</height>
                        <texture flipy="true">Shadow.png</texture>
                    </control>
                    <control type="image">
                        <description>background image</description>
                        <left>0</left>
                        <top>908</top>
                        <width>750</width>
                        <height>225</height>
                        <texture>Shadow.png</texture>
                    </control>
                    <control type="image">
                        <description>background image</description>
                        <left>0</left>
                        <top>63</top>
                        <width>750</width>
                        <height>75</height>
                        <colordiffuse>$VAR[BackgroundOverlayColorDialog]</colordiffuse>
                        <texture>WhiteBack.png</texture>
                    </control>
                    <control type="image">
                        <description>background image</description>
                        <left>0</left>
                        <top>1065</top>
                        <width>750</width>
                        <height>45</height>
                        <colordiffuse>$VAR[BackgroundOverlayColorDialog]</colordiffuse>
                        <texture>WhiteBack.png</texture>
                    </control>
                </control>
                <control type="list" id="11">
                    <left>908</left>
                    <top>105</top>
                    <width>900</width>
                    <height>891</height>
                    <onleft>PreviousChannelGroup</onleft>
                    <onright>NextChannelGroup</onright>
                    <onup>11</onup>
                    <ondown>11</ondown>
                    <viewtype label="535">list</viewtype>
                    <focusposition>4</focusposition>
                    <scrolltime>200</scrolltime>
                    <itemlayout height="99" width="765">
                        <control type="label">
                            <left>135</left>
                            <top>27</top>
                            <width>60</width>
                            <height>45</height>
                            <font>impacted21</font>
                            <align>right</align>
                            <aligny>center</aligny>
                            <textcolor>grey</textcolor>
                            <shadowcolor>-</shadowcolor>
                            <info>ListItem.ChannelNumber</info>
                        </control>
                        <control type="image">
                            <left>30</left>
                            <top>0</top>
                            <width>90</width>
                            <height>99</height>
                            <texture flipx="true" border="5">SideFade.png</texture>
                            <visible>ListItem.IsRecording</visible>
                        </control>
                        <control type="image">
                            <left>30</left>
                            <top>0</top>
                            <width>90</width>
                            <height>99</height>
                            <texture border="5">buttons/ButtonNFhalf.png</texture>
                            <visible>ListItem.IsRecording</visible>
                        </control>
                        <control type="image">
                            <left>123</left>
                            <top>0</top>
                            <width>90</width>
                            <height>99</height>
                            <texture flipx="true" border="5">buttons/ButtonNFhalf.png</texture>
                            <visible>ListItem.IsRecording</visible>
                        </control>
                        <control type="image">
                            <left>68</left>
                            <top>34</top>
                            <width>30</width>
                            <height>30</height>
                            <texture>PVR-IsRecording.png</texture>
                            <visible>ListItem.IsRecording</visible>
                        </control>
                        <control type="label">
                            <left>240</left>
                            <top>8</top>
                            <width>450</width>
                            <height>38</height>
                            <textcolor>grey</textcolor>
                            <shadowcolor>-</shadowcolor>
                            <align>left</align>
                            <aligny>center</aligny>
                            <label>$INFO[ListItem.Label]</label>
                        </control>
                        <control type="label">
                            <left>240</left>
                            <top>48</top>
                            <width>450</width>
                            <height>30</height>
                            <textcolor>grey</textcolor>
                            <selectedcolor>grey</selectedcolor>
                            <shadowcolor>-</shadowcolor>
                            <align>left</align>
                            <aligny>center</aligny>
                            <label>$INFO[ListItem.Title]</label>
                            <visible>!ListItem.HasEpg</visible>
                        </control>
                        <control type="label">
                            <left>240</left>
                            <top>48</top>
                            <width>450</width>
                            <height>30</height>
                            <textcolor>grey</textcolor>
                            <selectedcolor>grey</selectedcolor>
                            <shadowcolor>-</shadowcolor>
                            <align>left</align>
                            <aligny>center</aligny>
                            <label>$INFO[ListItem.Title]$INFO[ListItem.EndTime(hh:mm), - ,]</label>
                            <visible>ListItem.HasEpg</visible>
                        </control>
                        <control type="progress">
                            <description>Progressbar</description>
                            <left>240</left>
                            <top>80</top>
                            <width>450</width>
                            <height>9</height>
                            <colordiffuse>88FFFFFF</colordiffuse>
                            <info>ListItem.Progress</info>
                            <visible>ListItem.HasEpg</visible>
                        </control>
                        <control type="image">
                            <left>758</left>
                            <top>12</top>
                            <width>75</width>
                            <height>75</height>
                            <texture fallback="DefaultAddonNone.png">$INFO[ListItem.Icon]</texture>
                            <aspectratio>keep</aspectratio>
                        </control>
                    </itemlayout>
                    <focusedlayout height="99" width="765">
                        <control type="group">
                            <include>focuseffect</include>
                            <control type="image">
                                <left>123</left>
                                <top>0</top>
                                <width>744</width>
                                <height>99</height>
                                <texture border="5">buttons/ButtonFO.png</texture>
                            </control>
                            <control type="label">
                                <left>135</left>
                                <top>27</top>
                                <width>60</width>
                                <height>45</height>
                                <font>impacted21</font>
                                <align>right</align>
                                <aligny>center</aligny>
                                <textcolor>black</textcolor>
                                <selectedcolor>black</selectedcolor>
                                <shadowcolor>-</shadowcolor>
                                <info>ListItem.ChannelNumber</info>
                            </control>
                            <control type="image">
                                <left>30</left>
                                <top>0</top>
                                <width>90</width>
                                <height>99</height>
                                <texture flipx="true" border="5">SideFade.png</texture>
                                <visible>ListItem.IsRecording</visible>
                            </control>
                            <control type="image">
                                <left>30</left>
                                <top>0</top>
                                <width>90</width>
                                <height>99</height>
                                <texture border="5">buttons/ButtonNFhalf.png</texture>
                                <visible>ListItem.IsRecording</visible>
                            </control>
                            <control type="image">
                                <left>123</left>
                                <top>0</top>
                                <width>90</width>
                                <height>99</height>
                                <texture flipx="true" border="5">buttons/ButtonNFhalf.png</texture>
                                <visible>ListItem.IsRecording</visible>
                            </control>
                            <control type="image">
                                <left>68</left>
                                <top>34</top>
                                <width>30</width>
                                <height>30</height>
                                <texture>PVR-IsRecording.png</texture>
                                <visible>ListItem.IsRecording</visible>
                            </control>
                            <control type="label">
                                <left>240</left>
                                <top>8</top>
                                <width>450</width>
                                <height>38</height>
                                <textcolor>black</textcolor>
                                <selectedcolor>black</selectedcolor>
                                <shadowcolor>-</shadowcolor>
                                <align>left</align>
                                <aligny>center</aligny>
                                <label>$INFO[ListItem.Label]</label>
                            </control>
                            <control type="label">
                                <left>240</left>
                                <top>42</top>
                                <width>525</width>
                                <height>30</height>
                                <textcolor>black</textcolor>
                                <selectedcolor>black</selectedcolor>
                                <shadowcolor>-</shadowcolor>
                                <align>left</align>
                                <aligny>center</aligny>
                                <label>$INFO[ListItem.Title]</label>
                                <visible>!ListItem.HasEpg</visible>
                            </control>
                            <control type="label">
                                <left>240</left>
                                <top>48</top>
                                <width>450</width>
                                <height>30</height>
                                <textcolor>black</textcolor>
                                <selectedcolor>black</selectedcolor>
                                <shadowcolor>-</shadowcolor>
                                <align>left</align>
                                <aligny>center</aligny>
                                <label>$INFO[ListItem.Title]$INFO[ListItem.EndTime(hh:mm), - ,]</label>
                                <visible>ListItem.HasEpg</visible>
                            </control>
                            <control type="progress">
                                <description>Progressbar</description>
                                <left>240</left>
                                <top>80</top>
                                <width>450</width>
                                <height>9</height>
                                <info>ListItem.Progress</info>
                                <visible>ListItem.HasEpg</visible>
                            </control>
                            <control type="image">
                                <left>758</left>
                                <top>12</top>
                                <width>75</width>
                                <height>75</height>
                                <texture fallback="DefaultAddonNone.png">$INFO[ListItem.Icon]</texture>
                                <aspectratio>keep</aspectratio>
                            </control>
                            <control type="image">
                                <left>123</left>
                                <top>0</top>
                                <width>744</width>
                                <height>99</height>
                                <colordiffuse>$VAR[BackgroundOverlayColor]</colordiffuse>
                                <texture border="5">buttons/ButtonNF.png</texture>
                            </control>
                        </control>
                    </focusedlayout>
                </control>
                <control type="group">
                    <left>1095</left>
                    <top>8</top>
                    <control type="label">
                        <description>header label</description>
                        <left>0</left>
                        <top>0</top>
                        <width>645</width>
                        <height>60</height>
                        <font>impacted18</font>
                        <label>$LOCALIZE[19023] - $INFO[VideoPlayer.ChannelGroup]</label>
                        <align>center</align>
                        <aligny>center</aligny>
                        <textcolor>white</textcolor>
                        <shadowcolor>-</shadowcolor>
                        <visible>!pvr.IsPlayingRadio</visible>
                    </control>
                    <control type="label">
                        <description>header label</description>
                        <left>0</left>
                        <top>0</top>
                        <width>645</width>
                        <height>60</height>
                        <font>impacted18</font>
                        <label>$LOCALIZE[19024] - $INFO[MusicPlayer.ChannelGroup]</label>
                        <align>center</align>
                        <aligny>center</aligny>
                        <textcolor>white</textcolor>
                        <shadowcolor>-</shadowcolor>
                        <visible>pvr.IsPlayingRadio</visible>
                    </control>
                    <control type="label">
                        <description>header label</description>
                        <left>0</left>
                        <top>30</top>
                        <width>645</width>
                        <height>60</height>
                        <font>impacted18</font>
                        <label>$INFO[System.Date(DDD)], $INFO[System.Date(d)] $INFO[System.Date(mmm)] $INFO[System.Date(yyyy)] • $INFO[System.Time]</label>
                        <align>center</align>
                        <aligny>center</aligny>
                        <textcolor>grey</textcolor>
                        <shadowcolor>-</shadowcolor>
                    </control>
                </control>
                <control type="group">
                    <left>1095</left>
                    <top>1020</top>
                    <control type="label">
                        <description>Page Count Label</description>
                        <left>0</left>
                        <top>8</top>
                        <width>675</width>
                        <height>30</height>
                        <font>impacted18</font>
                        <textcolor>grey</textcolor>
                        <scroll>false</scroll>
                        <align>center</align>
                        <aligny>center</aligny>
                        <label>([COLOR=selected]$INFO[Container(11).NumItems][/COLOR]) $LOCALIZE[19019] - $LOCALIZE[31024] ([COLOR=selected]$INFO[Container(11).CurrentPage]/$INFO[Container(11).NumPages][/COLOR])</label>
                        <include>openclosemedium</include>
                    </control>
                </control>
            </control>
        </control>
    </controls>
</window>
