<?xml version="1.0" encoding="UTF-8"?>
<window>
    <defaultcontrol always="true">2</defaultcontrol>
	<backgroundcolor>$VAR[BackgroundOverlayTransition]</backgroundcolor>
    <include>openclose</include>
    <controls>
        <include>DialogBackgroundSimple</include>
        <control type="group">
            <animation effect="slide" start="0,0" end="-300,0" time="400" tween="cubic" easing="out" condition="Window.IsVisible(130)">Conditional</animation>
            <animation effect="zoom" start="100" end="60" center="600" time="400" condition="Window.IsVisible(130)">Conditional</animation>
            <include>openclosebox</include>
            <include content="DialogInfoBackgroundParam">
                <param name="DialogBackgroundLeft" value="150" />
                <param name="DialogBackgroundTop" value="105" />
                <param name="DialogBackgroundWidth" value="1650" />
                <param name="DialogBackgroundHeight" value="893" />
                <param name="DialogSeparatorTop" value="174" />
                <param name="DialogSeparatorBottom" value="998" />
                <param name="DialogShadowTop" value="1000" />
                <param name="DialogHeaderLabel" value="" />
                <param name="DialogHeaderTop" value="120" />
                <param name="DialogHeaderId" value="1" />
            </include>
            <control type="image">
                <left>150</left>
                <top>938</top>
                <width>1650</width>
                <height>60</height>
                <colordiffuse>$VAR[BackgroundOverlayColorDialog]</colordiffuse>
                <texture background="true">WhiteBack.png</texture>
            </control>
            <control type="image">
                <left>150</left>
                <top>936</top>
                <width>1650</width>
                <height>1</height>
                <colordiffuse>menudiffuse</colordiffuse>
                <texture background="true">Separator2.png</texture>
            </control>
            <control type="group">
                <left>180</left>
                <top>90</top>
                <control type="radiobutton" id="4">
                    <description>Enable Login screen</description>
                    <left>15</left>
                    <top>135</top>
                    <width>375</width>
                    <textoffsety>6</textoffsety>
                    <label>20096</label>
                    <align>left</align>
                    <aligny>top</aligny>
                    <texturenofocus border="5">buttons/ButtonNFlight.png</texturenofocus>
                    <texturefocus border="5">buttons/ButtonFO.png</texturefocus>
                    <onleft>2</onleft>
                    <onright>2</onright>
                    <onup>6</onup>
                    <ondown>5</ondown>
                    <enable>!Window.IsVisible(ProfileSettings)</enable>
                </control>
                <control type="button">
                    <description>Choose auto login user (grayed out)</description>
                    <left>15</left>
                    <top>195</top>
                    <width>375</width>
                    <label>33084</label>
                    <textcolor>grey2</textcolor>
                    <texturenofocus border="5">buttons/ButtonNFlight.png</texturenofocus>
                    <texturefocus border="5">buttons/ButtonFO.png</texturefocus>
                    <onleft>2</onleft>
                    <onright>2</onright>
                    <onup>4</onup>
                    <ondown>6</ondown>
                    <visible>System.HasLoginScreen</visible>
                    <enable>false</enable>
                </control>
                <control type="button" id="5">
                    <description>Choose auto login user</description>
                    <left>15</left>
                    <top>195</top>
                    <width>375</width>
                    <label>33084</label>
                    <texturenofocus border="5">buttons/ButtonNFlight.png</texturenofocus>
                    <texturefocus border="5">buttons/ButtonFO.png</texturefocus>
                    <onleft>2</onleft>
                    <onright>2</onright>
                    <onup>4</onup>
                    <ondown>6</ondown>
                    <visible>!System.HasLoginScreen</visible>
                    <enable>!Window.IsVisible(ProfileSettings) + !System.HasLoginScreen</enable>
                </control>
                <control type="label">
                    <left>15</left>
                    <top>248</top>
                    <width>375</width>
                    <textcolor>selected</textcolor>
                    <font>font16</font>
                    <align>center</align>
                    <aligny>center</aligny>
                    <label>$INFO[System.ProfileAutoLogin]</label>
                    <visible>!Control.HasFocus(5) + !System.HasLoginScreen</visible>
                </control>
                <control type="label">
                    <left>15</left>
                    <top>248</top>
                    <width>375</width>
                    <textcolor>selected</textcolor>
                    <font>font16</font>
                    <align>center</align>
                    <aligny>center</aligny>
                    <label>$INFO[System.ProfileAutoLogin]</label>
                    <scroll>true</scroll>
                    <scrollspeed>30</scrollspeed>
                    <visible>Control.HasFocus(5) + !System.HasLoginScreen</visible>
                </control>
                <control type="button" id="6">
                    <description>Cancel</description>
                    <onclick>Action(back)</onclick>
                    <left>15</left>
                    <top>292</top>
                    <width>375</width>
                    <label>51269</label>
                    <onleft>noop</onleft>
                    <onright>2</onright>
                    <onup>5</onup>
                    <ondown>4</ondown>
                </control>
                <control type="group">
                    <left>30</left>
                    <top>450</top>
                    <control type="image">
                        <left>-9</left>
                        <top>0</top>
                        <width>360</width>
                        <height>300</height>
                        <aspectratio>keep</aspectratio>
                        <bordertexture border="10">ThumbShadow.png</bordertexture>
                        <bordersize>6</bordersize>
                        <texture fallback="unknown-user.png">$INFO[Container(2).Listitem.Icon]</texture>
                    </control>
                    <control type="label">
                        <left>-60</left>
                        <top>405</top>
                        <width>1650</width>
                        <font>font13</font>
                        <align>center</align>
                        <textcolor>grey</textcolor>
                        <label>$LOCALIZE[31319]: [COLOR=white][B]$INFO[Container(2).ListItem.Label][/B][/COLOR] - $LOCALIZE[31320]: [COLOR=white][B]$INFO[Container(2).ListItem.Label2][/B][/COLOR]</label>
                        <visible>!String.IsEmpty(Container(2).ListItem.Label2)</visible>
                    </control>
                    <control type="label">
                        <left>-60</left>
                        <top>405</top>
                        <width>1650</width>
                        <font>font13</font>
                        <align>center</align>
                        <textcolor>grey</textcolor>
                        <label>$LOCALIZE[31319]: [COLOR=white][B]$INFO[Container(2).ListItem.Label][/B][/COLOR] - $LOCALIZE[31320]: [COLOR=white][B]$LOCALIZE[13170][/B][/COLOR]</label>
                        <visible>String.IsEmpty(Container(2).ListItem.Label2)</visible>
                    </control>
                </control>
                <control type="label">
                    <description>header label</description>
                    <left>255</left>
                    <top>27</top>
                    <width>1110</width>
                    <height>45</height>
                    <font>impacted24</font>
                    <label>$LOCALIZE[10034]</label>
                    <align>center</align>
                    <aligny>center</aligny>
                    <textcolor>white</textcolor>
                    <shadowcolor>black</shadowcolor>
                </control>
                <control type="image">
                    <left>412</left>
                    <top>102</top>
                    <width>3</width>
                    <height>728</height>
                    <colordiffuse>fanartdiffuse</colordiffuse>
                    <texture background="true" border="1">Separator4.png</texture>
                </control>
                <control type="panel" id="2">
                    <left>465</left>
                    <top>218</top>
                    <width>1140</width>
                    <height>495</height>
                    <onleft>4</onleft>
                    <onright>60</onright>
                    <onup>53</onup>
                    <ondown>53</ondown>
                    <viewtype label="21371">list</viewtype>
                    <pagecontrol>60</pagecontrol>
                    <scrolltime>200</scrolltime>
                    <itemlayout height="248" width="218">
                        <control type="image">
                            <left>8</left>
                            <top>8</top>
                            <width>195</width>
                            <height>195</height>
                            <colordiffuse>grey</colordiffuse>
                            <aspectratio>scale</aspectratio>
                            <texture fallback="unknown-user.png">$INFO[Listitem.Icon]</texture>
                        </control>
                        <control type="label">
                            <left>0</left>
                            <top>210</top>
                            <width>225</width>
                            <height>38</height>
                            <font>font16</font>
                            <textcolor>grey</textcolor>
                            <align>center</align>
                            <aligny>center</aligny>
                            <info>ListItem.Label</info>
                        </control>
                    </itemlayout>
                    <focusedlayout height="248" width="218">
                        <control type="image">
                            <left>0</left>
                            <top>0</top>
                            <width>210</width>
                            <height>210</height>
                            <aspectratio>scale</aspectratio>
                            <bordertexture border="5">buttons/ButtonNF.png</bordertexture>
                            <bordersize>5</bordersize>
                            <texture fallback="unknown-user.png">$INFO[Listitem.Icon]</texture>
                        </control>
                        <control type="label">
                            <left>0</left>
                            <top>210</top>
                            <width>225</width>
                            <height>38</height>
                            <font>font16</font>
                            <textcolor>white</textcolor>
                            <align>center</align>
                            <aligny>center</aligny>
                            <info>ListItem.Label</info>
                        </control>
                    </focusedlayout>
                </control>
                <control type="scrollbar" id="60">
                    <left>1560</left>
                    <top>225</top>
                    <height>442</height>
                    <onleft>2</onleft>
                    <onright>4</onright>
                    <showonepage>false</showonepage>
                    <orientation>vertical</orientation>
                </control>
            </control>
        </control>
        <include>Clock</include>
        <control type="grouplist">
            <include>opencloseslideright</include>
            <left>22</left>
            <top>0</top>
            <width>1500</width>
            <height>45</height>
            <orientation>horizontal</orientation>
            <align>left</align>
            <itemgap>8</itemgap>
            <control type="label">
                <font>impacted24</font>
                <label>$LOCALIZE[13200]</label>
            </control>
        </control>
        <include>BehindDialogFadeOut</include>
    </controls>
</window>
