<?xml version="1.0" encoding="UTF-8"?>
<window>
    <defaultcontrol always="true">9001</defaultcontrol>
    <include>openclose</include>
    <include>openclosefanart</include>
    <controls>
        <control type="group">
            <include>DialogBackgroundSimple</include>
            <include>openclosevisible</include>
            <control type="image">
                <left>360</left>
                <top>270</top>
                <width>1200</width>
                <height>420</height>
                <colordiffuse>grey2</colordiffuse>
                <texture background="true" border="5">Underlay2.png</texture>
            </control>
            <control type="image">
                <left>360</left>
                <top>270</top>
                <width>900</width>
                <height>1</height>
                <texture background="true">Separator2.png</texture>
            </control>
            <control type="image">
                <left>360</left>
                <top>688</top>
                <width>1200</width>
                <height>1</height>
                <texture background="true">Separator2.png</texture>
            </control>
            <control type="image">
                <description>mirror bottom image</description>
                <left>360</left>
                <top>693</top>
                <width>1200</width>
                <height>82</height>
                <colordiffuse>fanartdiffuse</colordiffuse>
                <texture background="true" flipy="true" border="4">Shadow.png</texture>
            </control>
        </control>
        <control type="group">
            <left>360</left>
            <top>285</top>
            <control type="label">
                <description>header label</description>
                <left>60</left>
                <top>30</top>
                <width>1080</width>
                <height>45</height>
                <font>impacted26</font>
                <label>$LOCALIZE[21421]</label>
                <align>center</align>
                <aligny>center</aligny>
            </control>
            <control type="label">
                <description>Rule match label</description>
                <left>60</left>
                <top>90</top>
                <width>1080</width>
                <height>52</height>
                <align>center</align>
                <aligny>center</aligny>
                <textcolor>grey</textcolor>
                <label>21422</label>
            </control>
            <control type="group" id="9001">
                <control type="button" id="15">
                    <description>Rule Field</description>
                    <left>45</left>
                    <top>150</top>
                    <width>548</width>
                    <font>-</font>
                    <onright>16</onright>
                    <onleft>16</onleft>
                    <onup>9000</onup>
                    <ondown>17</ondown>
                    <focusedcolor>black</focusedcolor>
                </control>
                <control type="label">
                    <description>Rule Field label</description>
                    <left>52</left>
                    <top>150</top>
                    <width>450</width>
                    <label>$INFO[Control.GetLabel(15)]</label>
                    <align>left</align>
                    <aligny>center</aligny>
                    <textcolor>black</textcolor>
                    <visible>Control.HasFocus(15)</visible>
                </control>
                <control type="label">
                    <description>Rule Field label</description>
                    <left>52</left>
                    <top>150</top>
                    <width>450</width>
                    <label>$INFO[Control.GetLabel(15)]</label>
                    <align>left</align>
                    <aligny>center</aligny>
                    <textcolor>white</textcolor>
                    <visible>!Control.HasFocus(15)</visible>
                </control>
                <control type="button" id="16">
                    <description>Rule operator</description>
                    <left>608</left>
                    <top>150</top>
                    <width>548</width>
                    <font>-</font>
                    <onright>15</onright>
                    <onleft>15</onleft>
                    <onup>9000</onup>
                    <ondown>17</ondown>
                </control>
                <control type="label">
                    <description>Rule Field label</description>
                    <left>615</left>
                    <top>150</top>
                    <width>450</width>
                    <label>$INFO[Control.GetLabel(16)]</label>
                    <align>left</align>
                    <aligny>center</aligny>
                    <textcolor>black</textcolor>
                    <visible>Control.HasFocus(16)</visible>
                </control>
                <control type="label">
                    <description>Rule Field label</description>
                    <left>615</left>
                    <top>150</top>
                    <width>450</width>
                    <label>$INFO[Control.GetLabel(16)]</label>
                    <align>left</align>
                    <aligny>center</aligny>
                    <textcolor>white</textcolor>
                    <visible>!Control.HasFocus(16)</visible>
                </control>
            </control>
            <control type="edit" id="17">
                <description>Value Button</description>
                <left>45</left>
                <top>218</top>
                <width>848</width>
                <aligny>center</aligny>
                <invalidcolor>red</invalidcolor>
                <label>-</label>
                <onup>9001</onup>
                <onleft>20</onleft>
                <onright>20</onright>
                <ondown>9000</ondown>
            </control>
            <control type="button" id="20">
                <description>Browse Button</description>
                <left>900</left>
                <top>218</top>
                <width>255</width>
                <align>center</align>
                <aligny>center</aligny>
                <label>1024</label>
                <onup>9001</onup>
                <onleft>17</onleft>
                <onright>17</onright>
                <ondown>9000</ondown>
            </control>
            <control type="group" id="9000">
                <control type="button" id="18">
                    <description>Ok Button</description>
                    <left>292</left>
                    <top>315</top>
                    <width>300</width>
                    <align>center</align>
                    <aligny>center</aligny>
                    <label>186</label>
                    <onup>17</onup>
                    <onleft>19</onleft>
                    <onright>19</onright>
                    <ondown>9001</ondown>
                </control>
                <control type="button" id="19">
                    <description>Cancel Button</description>
                    <left>608</left>
                    <top>315</top>
                    <width>300</width>
                    <align>center</align>
                    <aligny>center</aligny>
                    <label>222</label>
                    <onup>17</onup>
                    <onleft>18</onleft>
                    <onright>19</onright>
                    <ondown>9001</ondown>
                </control>
            </control>
        </control>
    </controls>
</window>
