<?xml version="1.0" encoding="UTF-8"?>
<window>
    <defaultcontrol always="true">10</defaultcontrol>
    <!-- <onload condition="System.HasAddon(script.skin.info.service)">RunScript(script.skin.info.service)</onload> -->
    <onload condition="!Skin.HasSetting(firstrun_horizonzv)">Skin.SetBool(standart_bkg)</onload>
    <onload condition="!Skin.HasSetting(firstrun_horizonzv)">Skin.SetBool(color_neutral)</onload>
    <onload condition="!Skin.HasSetting(firstrun_horizonzv)">Skin.SetBool(background_dim_1)</onload>
    <onload condition="!String.IsEmpty(Skin.String(start_volume))">SetVolume($INFO[Skin.String(start_volume)])</onload>
    <!-- <onload condition="Skin.HasSetting(wol_startup)">WakeOnLan($INFO[Skin.String(MAC_Address)])</onload> -->
    <!-- <onload condition="Skin.HasSetting(wol_startup)">Notification(Rechner: $INFO[Skin.String(MAC_Address)], wird gestartet..., 10000, DefaultIconInfo.png)</onload> -->
    <controls>
        <control type="button" id="10">
            <description>trigger</description>
            <onfocus>Control.SetFocus(11)</onfocus>
            <texturenofocus>-</texturenofocus>
            <texturefocus>-</texturefocus>
            <visible>!Skin.HasSetting(Use_Startup_Playlist)</visible>
        </control>
        <control type="button" id="10">
            <description>trigger with startup Playlist</description>
            <onfocus>XBMC.PlayMedia($INFO[Skin.String(Startup_Playlist_Path)])</onfocus>
            <onfocus>Control.SetFocus(11)</onfocus>
            <texturenofocus>-</texturenofocus>
            <texturefocus>-</texturefocus>
            <visible>Skin.HasSetting(Use_Startup_Playlist)</visible>
        </control>
        <control type="button" id="11">
            <include>HiddenButton</include>
            <onfocus>ReplaceWindow($INFO[System.StartupWindow])</onfocus>
        </control>
        <control type="image">
            <include>opencloseslideup</include>
            <description>LOGO</description>
            <left>30</left>
            <top>150r</top>
            <width>330</width>
            <height>120</height>
            <aspectratio>keep</aspectratio>
            <texture>Horizonzv.png</texture>
        </control>
    </controls>
</window>
