<?xml version="1.0" encoding="UTF-8"?>
<includes>
    <include name="View_50_List">
        <control type="group">
            <include>openclose</include>
            <include>openclosevisible</include>
            <visible>Control.IsVisible(50)+!Control.HasFocus(666)</visible>
            <include>BlackGrunge</include>
            <include>ScrollOffsetLabel</include>
        </control>
        <control type="group">
            <visible>Control.IsVisible(50)+!Control.HasFocus(666)</visible>
            <include>opencloseslideup</include>
            <include>MirrorPanel</include>
        </control>
        <control type="group">
            <include>openclose</include>
            <include>opencloseslideright</include>
            <visible>Control.IsVisible(50)+!Control.HasFocus(666)</visible>
            <animation type="Conditional" condition="[ControlGroup(9000).HasFocus()|ControlGroup(90000).HasFocus()|ControlGroup(9001).HasFocus()| ControlGroup(9002).HasFocus()] + Skin.HasSetting(animation)">
                <effect type="zoom" center="750,750" start="100" end="105" time="250" />
                <effect type="slide" start="0" end="390" time="250" />
            </animation>
            <control type="group">
                <left>105</left>
                <top>90</top>
                <width>1050</width>
                <height>1050</height>
                <control type="image">
                    <left>36</left>
                    <top>20</top>
                    <width>994</width>
                    <height>892</height>
                    <texture background="true">InlayDark.png</texture>
                </control>
                <control type="image">
                    <left>82</left>
                    <top>63</top>
                    <width>22</width>
                    <height>22</height>
                    <texture background="true">Pin.png</texture>
                </control>
                <control type="image">
                    <left>963</left>
                    <top>63</top>
                    <width>22</width>
                    <height>22</height>
                    <texture background="true">Pin.png</texture>
                </control>
                <control type="image">
                    <left>82</left>
                    <top>850</top>
                    <width>22</width>
                    <height>22</height>
                    <texture background="true">Pin.png</texture>
                </control>
                <control type="image">
                    <left>963</left>
                    <top>850</top>
                    <width>22</width>
                    <height>22</height>
                    <texture background="true">Pin.png</texture>
                </control>
                <control type="image">
                    <left>42</left>
                    <top>900</top>
                    <width>984</width>
                    <height>75</height>
                    <texture background="true" border="16">ContentPanelMirror.png</texture>
                </control>
            </control>
			<control type="list" id="50">
				<animation effect="slide" end="12" condition="!Control.IsVisible(60)">Conditional</animation>
				<left>180</left>
				<top>188</top>
				<width>1050</width>
				<height>750</height>
				<onleft>9000</onleft>
				<onright condition="Control.IsVisible(60)">60</onright>
				<onright condition="Control.IsVisible(15000)">15000</onright>
				<onup>50</onup>
				<ondown>50</ondown>
				<viewtype label="535">list</viewtype>
				<pagecontrol>60</pagecontrol>
				<scrolltime>200</scrolltime>
				<itemlayout width="960" height="52">
					<control type="label">
						<left>30</left>
						<width>795</width>
						<height>66</height>
						<align>left</align>
						<textcolor>grey</textcolor>
						<label>$VAR[OriginalTitle]</label>
					</control>
					<control type="label">
						<left>38</left>
						<width>795</width>
						<height>63</height>
						<align>right</align>
						<textcolor>grey</textcolor>
						<font>font16</font>
						<label>$INFO[ListItem.Label2,- ]</label>
						<visible>!Container.Content(Addons)</visible>
						<animation effect="slide" end="38" condition="Window.IsVisible(music)">Conditional</animation>
					</control>
					<control type="label">
						<left>38</left>
						<width>795</width>
						<height>63</height>
						<align>right</align>
						<textcolor>grey</textcolor>
						<font>font16</font>
						<label>$INFO[ListItem.Property(Addon.Status)]$INFO[ListItem.AddonVersion, (,) ]</label>
						<visible>Container.Content(Addons)</visible>
					</control>
					<control type="label">
						<left>38</left>
						<width>795</width>
						<height>63</height>
						<align>right</align>
						<textcolor>grey</textcolor>
						<font>font16</font>
						<label>$INFO[ListItem.Property(NumEpisodes),, $LOCALIZE[20453]]</label>
						<visible>Container.Content(seasons)</visible>
					</control>
					<control type="image">
						<left>840</left>
						<top>18</top>
						<width>30</width>
						<height>27</height>
						<texture background="true">$INFO[ListItem.Overlay]</texture>
						<visible>!ListItem.IsResumable</visible>
					</control>
					<control type="image">
						<left>840</left>
						<top>18</top>
						<width>30</width>
						<height>30</height>
						<texture background="true">OverlayWatching.png</texture>
						<visible>ListItem.IsResumable</visible>
					</control>
					<control type="image">
						<left>840</left>
						<top>18</top>
						<width>30</width>
						<height>30</height>
						<texture background="true">OverlayRAR.png</texture>
						<visible>String.Contains(ListItem.Property(Addon.Status),$LOCALIZE[13413])</visible>
					</control>
				</itemlayout>
				<focusedlayout width="960" height="52">
					<control type="group">
						<include>focuseffect</include>
						<control type="image">
							<left>15</left>
							<top>6</top>
							<width>870</width>
							<height>52</height>
							<colordiffuse>menudiffuse</colordiffuse>
							<texture border="2">buttons/ButtonFO.png</texture>
							<visible>!Control.HasFocus(50)</visible>
						</control>
						<control type="image">
							<left>15</left>
							<top>6</top>
							<width>870</width>
							<height>52</height>
							<texture border="2">buttons/ButtonFO.png</texture>
							<visible>Control.HasFocus(50)</visible>
						</control>
						<control type="image">
							<left>15</left>
							<top>6</top>
							<width>870</width>
							<height>52</height>
							<colordiffuse>$VAR[BackgroundOverlayColor]</colordiffuse>
							<texture border="5">buttons/ButtonNF.png</texture>
							<visible>Control.HasFocus(50)</visible>
						</control>
						<control type="label">
							<left>30</left>
							<width>795</width>
							<height>66</height>
							<align>left</align>
							<textcolor>black</textcolor>
							<label>$VAR[OriginalTitle]</label>
						</control>
						<control type="label">
							<left>38</left>
							<width>795</width>
							<height>63</height>
							<align>right</align>
							<shadowcolor>black</shadowcolor>
							<font>font16</font>
							<label>$INFO[ListItem.Label2,- ]</label>
							<visible>!Container.Content(Addons)</visible>
							<animation effect="slide" end="38" condition="Window.IsVisible(music)">Conditional</animation>
						</control>
						<control type="label">
							<left>38</left>
							<width>795</width>
							<height>66</height>
							<align>right</align>
							<shadowcolor>black</shadowcolor>
							<font>font16</font>
							<label>$INFO[ListItem.Property(Addon.Status)]$INFO[ListItem.AddonVersion, (,) ]</label>
							<visible>Container.Content(Addons)</visible>
						</control>
						<control type="label">
							<left>38</left>
							<width>795</width>
							<height>66</height>
							<align>right</align>
							<textcolor>grey</textcolor>
							<font>font16</font>
							<label>$INFO[ListItem.Property(NumEpisodes),, $LOCALIZE[20453]]</label>
							<visible>Container.Content(seasons)</visible>
						</control>
						<control type="image">
							<left>840</left>
							<top>18</top>
							<width>30</width>
							<height>27</height>
							<texture background="true">$INFO[ListItem.Overlay]</texture>
							<visible>!ListItem.IsResumable</visible>
						</control>
						<control type="image">
							<left>840</left>
							<top>18</top>
							<width>30</width>
							<height>30</height>
							<texture background="true">OverlayWatching.png</texture>
							<visible>ListItem.IsResumable</visible>
						</control>
						<control type="image">
							<left>840</left>
							<top>18</top>
							<width>30</width>
							<height>30</height>
							<texture background="true">OverlayRAR.png</texture>
							<visible>String.Contains(ListItem.Property(Addon.Status),$LOCALIZE[13413])</visible>
						</control>
					</control>
				</focusedlayout>
			</control>
			<control type="scrollbar" id="60">
				<left>1071</left>
				<top>183</top>
				<height>750</height>
				<onleft>50</onleft>
				<onright condition="Control.IsVisible(15000)">15000</onright>
				<onright condition="!Control.IsVisible(15000)">732</onright>
				<showonepage>false</showonepage>
				<orientation>vertical</orientation>
			</control>
        </control>
        <control type="group">
            <include>openclose</include>
            <include>openclosevisible</include>
            <visible>Control.IsVisible(50)+!Control.HasFocus(666)</visible>
            <control type="group">
                <animation type="Conditional" condition="[ControlGroup(9000).HasFocus()|ControlGroup(90000).HasFocus()|ControlGroup(9001).HasFocus()| ControlGroup(9002).HasFocus()] + Skin.HasSetting(animation)">
                    <effect type="fade" start="100" end="0" time="250" />
                    <effect type="slide" start="0" end="600" time="250" />
                </animation>
                <control type="group" id="1111">
                    <left>600r</left>
                    <top>210</top>
                    <visible>!String.StartsWith(ListItem.Icon,Default)</visible>
                    <visible>!ListItem.IsParentFolder</visible>
                    <include>opencloseslideleft</include>
                    <control type="image" id="1112">
                        <left>0</left>
                        <top>0</top>
                        <width>450</width>
                        <height>750</height>
                        <aspectratio align="left" aligny="bottom">keep</aspectratio>
                        <texture background="true" diffuse="masks/mask.png">$VAR[PosterThumb]</texture>
                        <bordertexture border="8">masks/mask_frame.png</bordertexture>
                        <bordersize>12</bordersize>
                        <include>opencloseslideleft</include>
                        <visible>!Container.Content(Episodes)</visible>
                    </control>
                    <control type="image">
                        <left>0</left>
                        <top>742</top>
                        <width>450</width>
                        <height>75</height>
                        <texture border="15">ContentPanelMirror.png</texture>
                        <visible>!String.IsEmpty(Control.GetLabel(1112))</visible>
                        <include>opencloseslideleft</include>
                        <visible>!Container.Content(Episodes)</visible>
                    </control>
                    <control type="image" id="1112">
                        <left>-150</left>
                        <top>150</top>
                        <width>705</width>
                        <height>600</height>
                        <aspectratio align="left" aligny="bottom">keep</aspectratio>
                        <texture background="true" diffuse="masks/mask.png">$INFO[ListItem.Icon]</texture>
                        <bordertexture border="8">masks/mask_frame.png</bordertexture>
                        <bordersize>12</bordersize>
                        <include>opencloseslideleft</include>
                        <visible>Container.Content(Episodes)</visible>
                    </control>
                    <control type="image">
                        <left>-150</left>
                        <top>742</top>
                        <width>705</width>
                        <height>75</height>
                        <texture border="15">ContentPanelMirror.png</texture>
                        <visible>!String.IsEmpty(Control.GetLabel(1112))</visible>
                        <include>opencloseslideleft</include>
                        <visible>Container.Content(Episodes)</visible>
                    </control>
                </control>
                <control type="group" id="1121">
                    <left>540r</left>
                    <top>210</top>
                    <visible>ListItem.IsParentFolder|String.StartsWith(ListItem.Icon,Default)</visible>
                    <include>opencloseslideleft</include>
                    <control type="image" id="1122">
                        <left>0</left>
                        <top>450</top>
                        <width>300</width>
                        <height>300</height>
                        <aspectratio align="left" aligny="bottom">keep</aspectratio>
                        <texture background="true" diffuse="masks/mask.png">$INFO[ListItem.Icon]</texture>
                        <bordertexture border="8">masks/mask_frame.png</bordertexture>
                        <bordersize>12</bordersize>
                    </control>
                    <control type="image">
                        <left>0</left>
                        <top>742</top>
                        <width>300</width>
                        <height>75</height>
                        <texture border="15">ContentPanelMirror.png</texture>
                        <visible>!String.IsEmpty(Control.GetLabel(1122))</visible>
                    </control>
                </control>
                <control type="image">
                    <include>opencloseslow</include>
                    <left>585r</left>
                    <top>90</top>
                    <width>420</width>
                    <height>270</height>
                    <aspectratio align="center" aligny="center">keep</aspectratio>
                    <texture background="true" diffuse="masks/flagging_mask.png">$INFO[Skin.String(Music_Folder_Path)]$INFO[ListItem.Artist,,/logo.png]</texture>
                    <visible>Skin.HasSetting(music_art)</visible>
                </control>
            </control>
            <control type="group">
                <!-- Movie Flagging -->
                <left>30</left>
                <top>1015</top>
                <include>openclose</include>
                <include>opencloseslideup</include>
                <animation type="Conditional" condition="ControlGroup(9000).HasFocus()|ControlGroup(90000).HasFocus()|ControlGroup(9001).HasFocus()| ControlGroup(9002).HasFocus()">
                    <effect type="slide" start="0" end="0,150" time="250" />
                </animation>
                <visible>!Container.Content(songs)</visible>
                <control type="grouplist">
                    <left>0</left>
                    <top>0</top>
                    <width>1250</width>
                    <height>45</height>
                    <itemgap>12</itemgap>
                    <align>center</align>
                    <orientation>horizontal</orientation>
                    <include>FlagVideo</include>
                    <include>FlagVideoAudioStream1</include>
                    <include>FlagVideoAudioStream2</include>
                    <!-- <include>FlagVideoSubtitles</include> -->
                </control>
            </control>
            <control type="group">
                <!-- Music Flagging -->
                <left>202</left>
                <top>1008</top>
                <include>openclose</include>
                <include>opencloseslideup</include>
                <animation type="Conditional" condition="[ControlGroup(9000).HasFocus()|ControlGroup(90000).HasFocus()|ControlGroup(9001).HasFocus()| ControlGroup(9002).HasFocus()] + Skin.HasSetting(animation)">
                    <effect type="zoom" center="750,750" start="100" end="105" time="250" />
                    <effect type="slide" start="0" end="390" time="250" />
                </animation>
                <visible>Container.Content(songs)+!Window.IsVisible(135)</visible>
                <control type="grouplist">
                    <left>0</left>
                    <top>0</top>
                    <width>870</width>
                    <height>120</height>
                    <itemgap>4</itemgap>
                    <align>center</align>
                    <orientation>horizontal</orientation>
                    <include>FlagMusic</include>
                </control>
            </control>
            <control type="group">
                <animation type="Conditional" condition="ControlGroup(9000).HasFocus()|ControlGroup(90000).HasFocus()|ControlGroup(9001).HasFocus()| ControlGroup(9002).HasFocus()">
                    <effect type="slide" start="0" end="0,150" time="250" />
                </animation>
                <include>CommonPageCount</include>
            </control>
            <include condition="!Skin.HasSetting(HideJumpSMSBar)">AlphaBarV</include>
        </control>
    </include>
</includes>
