<?xml version="1.0" encoding="UTF-8"?>
<includes>
    <include name="Showcase">
        <control type="group">
            <include>openclose</include>
            <include>openclosevisible</include>
            <control type="button" id="444">
                <enable>false</enable>
                <include>HiddenButton</include>
                <visible>Control.IsVisible(562)+!Control.HasFocus(666)</visible>
            </control>
            <visible>Control.IsVisible(562)+!Control.HasFocus(666)</visible>
            <control type="group">
                <top>-22</top>
                <control type="group">
                    <left>-15</left>
                    <top>3</top>
                    <control type="image">
                        <left>0</left>
                        <top>0</top>
                        <width>1950</width>
                        <height>132</height>
                        <texture>BlackBack.png</texture>
                    </control>
                    <control type="image">
                        <left>0</left>
                        <top>652</top>
                        <width>1950</width>
                        <height>450</height>
                        <texture>BlackBack.png</texture>
                    </control>
                    <control type="image">
                        <left>0</left>
                        <top>132</top>
                        <width>1950</width>
                        <height>3</height>
                        <colordiffuse>fanartdiffuse</colordiffuse>
                        <texture flipy="true" border="1">Separator1.png</texture>
                    </control>
                    <control type="image">
                        <left>0</left>
                        <top>652</top>
                        <width>1950</width>
                        <height>3</height>
                        <colordiffuse>fanartdiffuse</colordiffuse>
                        <texture flipy="true" border="1">Separator1.png</texture>
                    </control>
                </control>
				<control type="wraplist" id="562">
					<!-- <hitrect x="0" y="-15" w="1920" h="285" /> -->
					<left>-720</left>
					<top>-45</top>
					<width>2730</width>
					<height>720</height>
					<onleft>562</onleft>
					<onright>562</onright>
					<onup>9000</onup>
					<ondown condition="Control.IsVisible(60)">60</ondown>
					<ondown condition="Control.IsVisible(2000)">2000</ondown>
					<ondown condition="!Skin.HasSetting(HideJumpSMSBar)+!Control.IsVisible(60)">17000</ondown>
					<viewtype label="Showcase">fixed</viewtype>
					<pagecontrol>60</pagecontrol>
					<scrolltime tween="circle" easing="out">500</scrolltime>
					<focusposition>4</focusposition>
					<orientation>horizontal</orientation>
					<preloaditems>2</preloaditems>
					<visible>Container.Content(artists)|Container.Content(albums)|Container.Content(Movies)
					|Container.Content(Sets)|Container.Content(Seasons)|Container.Content(tvshows)|Container.Content(musicvideos)
					|[String.StartsWith(Container.FolderPath,plugin://)+Container.Content(Movies)]</visible>
					<itemlayout condition="Container.Content(Albums)|Container.Content(artists)" height="428" width="375">
						<control type="group">
							<left>159</left>
							<control type="image">
								<left>39</left>
								<top>216</top>
								<width>334</width>
								<height>334</height>
								<aspectratio>stretch</aspectratio>
								<colordiffuse>$VAR[CoverDim]</colordiffuse>
								<texture diffuse="masks/CdCoverMask_full.png" fallback="FallbackCover.png">$INFO[ListItem.Icon]</texture>
							</control>
							<control type="image">
								<left>0</left>
								<top>214</top>
								<width>375</width>
								<height>339</height>
								<aspectratio>stretch</aspectratio>
								<colordiffuse>$VAR[CoverDim]</colordiffuse>
								<texture>masks/ClearArtCD.png</texture>
							</control>
							<control type="image">
								<left>39</left>
								<top>556</top>
								<width>334</width>
								<height>117</height>
								<aspectratio>stretch</aspectratio>
								<colordiffuse>$VAR[CoverDim]</colordiffuse>
								<texture border="1" flipy="true" diffuse="ContentPanelMirror3.png" fallback="FallbackCover.png">$INFO[ListItem.Icon]</texture>
								<visible>Skin.HasSetting(animation)</visible>
							</control>
							<control type="image">
								<left>0</left>
								<top>555</top>
								<width>375</width>
								<height>117</height>
								<aspectratio>stretch</aspectratio>
								<colordiffuse>$VAR[CoverDim]</colordiffuse>
								<texture background="true" border="1" flipy="true" diffuse="ContentPanelMirror3.png" fallback="FallbackCover.png">masks/ClearArtCD.png</texture>
								<visible>Skin.HasSetting(animation)</visible>
							</control>
							<control type="image">
								<left>0</left>
								<top>590</top>
								<width>375</width>
								<height>102</height>
								<aspectratio>stretch</aspectratio>
								<texture background="true">ContentPanelMirror.png</texture>
								<visible>!Skin.HasSetting(animation)</visible>
							</control>
						</control>
					</itemlayout>
					<focusedlayout condition="Container.Content(Albums)|Container.Content(artists)" height="435" width="525">
					</focusedlayout>
					<itemlayout condition="[Container.Content(Movies)|Container.Content(Sets)|Container.Content(Seasons)|Container.Content(tvshows)|Container.Content(musicvideos)]+!Skin.HasSetting(hideMovieCases)" height="428" width="300">
						<control type="group">
							<left>495</left>
							<visible>!Skin.HasSetting(hideMovieCases)</visible>
							<control type="image">
								<left>2</left>
								<top>213</top>
								<width>255</width>
								<height>375</height>
								<fadetime>0</fadetime>
								<aspectratio>stretch</aspectratio>
								<colordiffuse>$VAR[CoverDim]</colordiffuse>
								<texture diffuse="clear-cases/clearcase_inlay.png" fallback="FallbackCover.png">$VAR[PosterThumb]</texture>
								<visible>!ListItem.IsParentFolder</visible>
							</control>
							<control type="image">
								<left>2</left>
								<top>213</top>
								<width>255</width>
								<height>375</height>
								<fadetime>0</fadetime>
								<aspectratio>keep</aspectratio>
								<colordiffuse>$VAR[CoverDim]</colordiffuse>
								<texture diffuse="clear-cases/clearcase_inlay.png" fallback="FallbackCover.png">$VAR[PosterThumb]</texture>
								<visible>ListItem.IsParentFolder</visible>
							</control>
							<control type="image">
								<left>0</left>
								<top>213</top>
								<width>255</width>
								<height>375</height>
								<aspectratio>stretch</aspectratio>
								<colordiffuse>dustdiffuse</colordiffuse>
								<texture background="true" diffuse="clear-cases/clearcase_inlay.png">Dust.png</texture>
								<visible>Skin.HasSetting(dust)+!ListItem.IsParentFolder</visible>
							</control>
							<control type="image">
								<left>-27</left>
								<top>213</top>
								<width>285</width>
								<height>375</height>
								<aspectratio>stretch</aspectratio>
								<colordiffuse>$VAR[CoverDim]</colordiffuse>
								<texture background="true" fallback="clear-cases/fallback.png">$VAR[clearcase]</texture>
							</control>
							<control type="image">
								<description>3D Image</description>
								<left>0</left>
								<top>548</top>
								<width>75</width>
								<height>38</height>
								<colordiffuse>$VAR[CoverDim]</colordiffuse>
								<aspectratio>keep</aspectratio>
								<texture>flagging/video/3d.png</texture>
								<visible>ListItem.IsStereoscopic</visible>
							</control>
							<control type="group">
								<left>3</left>
								<top>218</top>
								<include>Amazon_Flagg</include>
							</control>
							<control type="group">
								<left>3</left>
								<top>218</top>
								<include>WatchedIcon</include>
							</control>
						</control>
					</itemlayout>
					<itemlayout condition="[Container.Content(Movies)|Container.Content(Sets)|Container.Content(Seasons)|Container.Content(tvshows)|Container.Content(musicvideos)]+Skin.HasSetting(hideMovieCases)" height="428" width="270">
						<control type="group">
							<left>606</left>
							<visible>Skin.HasSetting(hideMovieCases)</visible>
							<control type="image">
								<left>0</left>
								<top>213</top>
								<width>255</width>
								<height>375</height>
								<fadetime>0</fadetime>
								<aspectratio>stretch</aspectratio>
								<colordiffuse>$VAR[CoverDim]</colordiffuse>
								<texture diffuse="masks/mask.png" fallback="FallbackCover.png">$VAR[PosterThumb]</texture>
								<visible>!ListItem.IsParentFolder</visible>
							</control>
							<control type="image">
								<left>0</left>
								<top>213</top>
								<width>255</width>
								<height>375</height>
								<fadetime>0</fadetime>
								<aspectratio>keep</aspectratio>
								<colordiffuse>$VAR[CoverDim]</colordiffuse>
								<texture diffuse="masks/mask.png" fallback="FallbackCover.png">$VAR[PosterThumb]</texture>
								<visible>ListItem.IsParentFolder</visible>
							</control>
							<control type="group">
								<left>1</left>
								<top>214</top>
								<include>Amazon_Flagg</include>
							</control>
							<control type="group">
								<left>1</left>
								<top>214</top>
								<include>WatchedIcon</include>
							</control>
							<control type="group">
								<left>135</left>
								<top>468</top>
								<include>Set_Flagg</include>
							</control>
							<control type="image">
								<left>0</left>
								<top>213</top>
								<width>255</width>
								<height>375</height>
								<aspectratio>stretch</aspectratio>
								<colordiffuse>$VAR[CoverDim]</colordiffuse>
								<texture border="2">masks/Default.png</texture>
								<visible>Skin.HasSetting(animation)</visible>
							</control>
							<control type="image">
								<description>3D Image</description>
								<left>0</left>
								<top>548</top>
								<width>75</width>
								<height>38</height>
								<aspectratio>keep</aspectratio>
								<colordiffuse>$VAR[CoverDim]</colordiffuse>
								<texture>flagging/video/3d.png</texture>
								<visible>ListItem.IsStereoscopic</visible>
							</control>
						</control>
					</itemlayout>
					<focusedlayout condition="[Container.Content(Movies)|Container.Content(Sets)|Container.Content(Seasons)|Container.Content(tvshows)|Container.Content(musicvideos)]+!Skin.HasSetting(hideMovieCases)" height="435" width="390">
						<control type="image">
							<visible>!Container(562).OnNext+!Container(562).OnPrevious</visible>
							<visible>Control.HasFocus(562)</visible>
							<left>525</left>
							<top>300</top>
							<width>300</width>
							<height>300</height>
							<aspectratio>keep</aspectratio>
							<include>DiscartMovies</include>
						</control>
						<control type="group">
							<left>493</left>
							<animation effect="zoom" center="auto" tween="cubic" start="80" end="100" time="300" condition="Skin.HasSetting(animation)+!Skin.HasSetting(no_wall_animation)">Focus</animation>
							<animation effect="zoom" center="auto" start="100" end="80" time="150" condition="Skin.HasSetting(animation)+!Skin.HasSetting(no_wall_animation)+Control.HasFocus(562)">UnFocus</animation>
							<visible>!Skin.HasSetting(hideMovieCases)</visible>
							<control type="image">
								<left>12</left>
								<top>192</top>
								<width>340</width>
								<height>498</height>
								<fadetime>0</fadetime>
								<aspectratio>stretch</aspectratio>
								<texture diffuse="masks/mask.png" fallback="FallbackCover.png">$VAR[PosterThumb]</texture>
								<visible>!ListItem.IsParentFolder</visible>
							</control>
							<control type="image">
								<left>12</left>
								<top>192</top>
								<width>340</width>
								<height>498</height>
								<fadetime>0</fadetime>
								<aspectratio>keep</aspectratio>
								<texture diffuse="masks/mask.png" fallback="FallbackCover.png">$VAR[PosterThumb]</texture>
								<visible>ListItem.IsParentFolder</visible>
							</control>
							<control type="image">
								<left>-27-50</left>
								<top>188</top>
								<width>382</width>
								<height>507</height>
								<aspectratio>stretch</aspectratio>
								<texture background="true" fallback="clear-cases/fallback.png">$VAR[clearcase]</texture>
							</control>
							<control type="image">
								<description>3D Image</description>
								<left>0</left>
								<top>645</top>
								<width>75</width>
								<height>38</height>
								<aspectratio>keep</aspectratio>
								<texture>flagging/video/3d.png</texture>
								<visible>ListItem.IsStereoscopic</visible>
							</control>
							<control type="group">
								<left>0</left>
								<top>192</top>
								<include>Amazon_Flagg_Focus</include>
							</control>
							<control type="group">
								<left>12</left>
								<top>192</top>
								<include>WatchedIcon_Focus</include>
							</control>
						</control>
					</focusedlayout>
					<focusedlayout condition="[Container.Content(Movies)|Container.Content(Sets)|Container.Content(Seasons)|Container.Content(tvshows)|Container.Content(musicvideos)]+Skin.HasSetting(hideMovieCases)" height="435" width="360">
						<control type="image">
							<visible>!Container(562).OnNext+!Container(562).OnPrevious</visible>
							<visible>Control.HasFocus(562)</visible>
							<left>627</left>
							<top>300</top>
							<width>300</width>
							<height>300</height>
							<aspectratio>keep</aspectratio>
							<include>DiscartMovies</include>
						</control>
						<control type="group">
							<left>606</left>
							<animation effect="zoom" center="auto" tween="cubic" start="80" end="100" time="300" condition="Skin.HasSetting(animation)+!Skin.HasSetting(no_wall_animation)">Focus</animation>
							<visible>Skin.HasSetting(hideMovieCases)</visible>
							<control type="group">
								<control type="image">
									<left>0</left>
									<top>189</top>
									<width>345</width>
									<height>504</height>
									<fadetime>0</fadetime>
									<aspectratio>stretch</aspectratio>
									<texture diffuse="masks/mask.png" fallback="FallbackCover.png">$VAR[PosterThumb]</texture>
									<visible>!ListItem.IsParentFolder</visible>
								</control>
								<control type="image">
									<left>0</left>
									<top>189</top>
									<width>345</width>
									<height>504</height>
									<fadetime>0</fadetime>
									<aspectratio>keep</aspectratio>
									<texture diffuse="masks/mask.png" fallback="FallbackCover.png">$VAR[PosterThumb]</texture>
									<visible>ListItem.IsParentFolder</visible>
								</control>
								<control type="group">
									<left>1</left>
									<top>190</top>
									<include>Amazon_Flagg_Focus</include>
								</control>
								<control type="group">
									<left>1</left>
									<top>190</top>
									<include>WatchedIcon_Focus</include>
								</control>
								<control type="group">
									<left>225</left>
									<top>573</top>
									<include>Set_Flagg_Focus</include>
								</control>
								<control type="image">
									<left>0</left>
									<top>189</top>
									<width>345</width>
									<height>504</height>
									<aspectratio>stretch</aspectratio>
									<texture>masks/Default.png</texture>
									<visible>Skin.HasSetting(animation)</visible>
								</control>
								<control type="image">
									<description>3D Image</description>
									<left>0</left>
									<top>651</top>
									<width>75</width>
									<height>38</height>
									<aspectratio>keep</aspectratio>
									<texture>flagging/video/3d.png</texture>
									<visible>ListItem.IsStereoscopic</visible>
								</control>
							</control>
						</control>
					</focusedlayout>
				</control>
                <control type="scrollbar" id="60">
                    <left>30</left>
                    <top>660</top>
                    <width>1860</width>
                    <height>18</height>
                    <texturesliderbackground border="1">ScrollBarBackground_H.png</texturesliderbackground>
                    <texturesliderbar border="3">ScrollBar_H.png</texturesliderbar>
                    <texturesliderbarfocus colordiffuse="red" border="3">ScrollBar_H.png</texturesliderbarfocus>
                    <textureslidernib>-</textureslidernib>
                    <textureslidernibfocus>-</textureslidernibfocus>
                    <onup>562</onup>
                    <ondown condition="Control.IsVisible(2000)">2000</ondown>
                    <ondown condition="Control.IsVisible(17000)">17000</ondown>
                    <ondown condition="!Control.IsVisible(17000)">732</ondown>
                    <orientation>horizontal</orientation>
                    <showonepage>false</showonepage>
                </control>
                <control type="group">
					<top>375</top>
					<control type="label">
						<description>Page Count Label</description>
						<include>openclosevisible</include>
						<visible>Skin.HasSetting(CommonPageCount)</visible>
						<left>1150</left>
						<top>681</top>
						<width>750</width>
						<height>30</height>
						<textcolor>grey</textcolor>
						<scroll>false</scroll>
						<align>right</align>
						<aligny>center</aligny>
						<label>$INFO[Container.TotalTime,$LOCALIZE[31009] ([COLOR=selected],[/COLOR]) • ]$INFO[Container.NumItems,([COLOR=selected],[/COLOR]) $LOCALIZE[31025]]$INFO[Container.CurrentPage, - $LOCALIZE[31024] ([COLOR=selected]]$INFO[Container.NumPages,/,[/COLOR])]</label>
					</control>
					<control type="group">
						<left>30</left>
						<top>681</top>
						<include>CommonUnwachtedCount</include>
					</control>
                </control>
            </control>
            <control type="group"> <!-- Movie Title and Studiologo -->
                <left>30</left>
                <top>68</top>
                <visible>Container.Content(Movies)|Container.Content(Sets)|Container.Content(Seasons)|Container.Content(tvshows)|Container.Content(musicvideos)</visible>
                <visible>!ListItem.IsParentFolder</visible>
                <include>openclosevisible</include>
                <control type="label">
                    <description>item label</description>
                    <left>0</left>
                    <top>465</top>
                    <width>892</width>
                    <height>42</height>
                    <align>right</align>
                    <aligny>center</aligny>
                    <font>impacted18</font>
                    <textcolor>grey1</textcolor>
                    <shadowcolor>-</shadowcolor>
                    <label>$INFO[ListItem.Tagline]</label>
                </control>
                <control type="label">
                    <description>item label</description>
                    <left>0</left>
                    <top>510</top>
                    <width>892</width>
                    <height>42</height>
                    <align>right</align>
                    <aligny>center</aligny>
                    <font>impacted30</font>
                    <textcolor>white</textcolor>
                    <shadowcolor>-</shadowcolor>
                    <label>$VAR[OriginalTitle]</label>
                </control>
                <control type="label">
                    <description>item label</description>
                    <left>1320</left>
                    <top>510</top>
                    <width>225</width>
                    <height>42</height>
                    <align>left</align>
                    <font>impacted30</font>
                    <textcolor>white</textcolor>
                    <shadowcolor>-</shadowcolor>
                    <label>$INFO[ListItem.Year]</label>
                    <visible>!ListItem.IsCollection+!Container.Content(Sets)</visible>
                </control>
                <control type="image" id="9898">
                    <left>255r</left>
                    <top>468</top>
                    <width>225</width>
                    <height>82</height>
                    <aspectratio align="right">keep</aspectratio>
                    <texture border="4">$VAR[MovieStudioLogoVar]$INFO[ListItem.Studio,,.png]</texture>
                </control>
                <control type="image">
                    <description>Rated</description>
                    <left>1312</left>
                    <top>471</top>
                    <width>180</width>
                    <height>27</height>
                    <texture fallback="leftratingvideo/0.0.png">$INFO[ListItem.Rating,leftratingvideo/,.png]</texture>
                </control>
            </control>
            <control type="group"> <!-- Movie Info Panel & Flaggs -->
                <visible>Container.Content(Movies)|Container.Content(Sets)|Container.Content(Seasons)|Container.Content(tvshows)|Container.Content(musicvideos)</visible>
                <visible>!ListItem.IsParentFolder</visible>
				<!-- <animation effect="fade" end="100" condition="![Container(562).OnNext|Container(562).OnPrevious]">Conditional</animation>
				<animation effect="fade" end="0" condition="Container(562).OnNext|Container(562).OnPrevious">Conditional</animation> -->
				<include>openclosemedium</include>
                <control type="group">
                    <include>opencloseslideup</include>
                    <left>45</left>
                    <top>680</top>
                    <control type="group">
                        <control type="image" id="1100">
                            <left>0</left>
                            <top>0</top>
                            <width>586</width>
                            <height>332</height>
                            <aspectratio>scale</aspectratio>
                            <texture background="true" border="1" diffuse="Shine.png" fallback="Empty.png">$INFO[ListItem.Art(fanart)]</texture>
                            <visible>[Skin.HasSetting(fanart)+String.IsEmpty(Control.GetLabel(1101))]
							|[[Container.Content(Movies)|Container.Content(musicvideos)]+!Skin.HasSetting(video_art)]
							|[[Container.Content(Seasons)|Container.Content(tvshows)]+!Skin.HasSetting(tvshow_art)]</visible>
                            <visible>!ListItem.IsCollection</visible>
                            <include>opencloseslideup</include>
                        </control>
                        <control type="multiimage" id="1101">
                            <left>0</left>
                            <top>0</top>
                            <width>586</width>
                            <height>332</height>
                            <imagepath background="true" border="1" diffuse="Shine.png">$INFO[ListItem.Path]extrafanart</imagepath>
                            <aspectratio>scale</aspectratio>
                            <timeperimage>4000</timeperimage>
                            <fadetime>800</fadetime>
                            <randomize>true</randomize>
                            <visible>[[Container.Content(Movies)|Container.Content(musicvideos)]+Skin.HasSetting(video_art)+!Skin.HasSetting(no_extrafanart)]
							|[[Container.Content(Seasons)|Container.Content(tvshows)]+Skin.HasSetting(tvshow_art)]</visible>
                            <include>opencloseslideup</include>
                        </control>
                        <control type="label" id="1102">
                            <left>0</left>
                            <top>0</top>
                            <width>586</width>
                            <height>332</height>
                            <align>center</align>
                            <aligny>center</aligny>
                            <textcolor>grey</textcolor>
                            <font>aaaiight32</font>
                            <wrapmultiline>true</wrapmultiline>
                            <label>$INFO[ListItem.Label]</label>
                            <scroll>true</scroll>
                            <visible>String.IsEqual(Control.GetLabel(1100),Empty.png)+String.IsEmpty(Control.GetLabel(1101))</visible>
                            <include>opencloseslideup</include>
                        </control>
                    </control>
                    <control type="group">
                        <left>0</left>
                        <top>20</top>
                        <include>MovieSetInformationCover</include>
                        <visible>ListItem.IsCollection</visible>
                        <include>openclosevisible</include>
                    </control>
                    <control type="label">
                        <left>30</left>
                        <top>-40</top>
                        <width>1740</width>
                        <height>75</height>
                        <align>center</align>
                        <textcolor>grey1</textcolor>
                        <font>impacted21</font>
                        <label>$LOCALIZE[20161]$INFO[Container(2000).NumItems,: [COLOR=white],[/COLOR]]</label>
                        <visible>ListItem.IsCollection</visible>
                        <include>openclosevisible</include>
                    </control>
					<control type="image" id="1202">
						<left>1200</left>
						<top>3</top>
						<width>615</width>
						<height>320</height>
						<texture diffuse="Shine.png">$VAR[extraart_rule]$VAR[extraart_tvshow_rule]</texture>
						<aspectratio>keep</aspectratio>
						<visible>!ListItem.IsCollection|!String.IsEmpty(ListItem.Plot)</visible>
						<visible>[[Container.Content(Movies)|Container.Content(Sets)|Container.Content(musicvideos)]+Skin.HasSetting(video_art)]
						|[[Container.Content(Seasons)|Container.Content(tvshows)]+Skin.HasSetting(tvshow_art)]</visible>
						<include>opencloseslideup</include>
					</control>
					<control type="textbox" id="1203">
						<left>620</left>
						<top>3</top>
						<width>560</width>
						<height>327</height>
						<font>ubuntu-r16b</font>
						<label>$INFO[ListItem.Plot]</label>
						<visible>!String.IsEmpty(ListItem.Plot)</visible>
						<visible>[[Container.Content(Movies)|Container.Content(Sets)|Container.Content(musicvideos)]+Skin.HasSetting(video_art)]
						|[[Container.Content(Seasons)|Container.Content(tvshows)]+Skin.HasSetting(tvshow_art)]</visible>
						<include>opencloseslideup</include>
					</control>
					<control type="textbox" id="1203">
						<left>620</left>
						<top>3</top>
						<width>1200</width>
						<height>327</height>
						<font>ubuntu-r16b</font>
						<label>$INFO[ListItem.Plot]</label>
						<visible>!String.IsEmpty(ListItem.Plot)</visible>
						<visible>![[Container.Content(Movies)|Container.Content(Sets)|Container.Content(musicvideos)]+Skin.HasSetting(video_art)]
						+![[Container.Content(Seasons)|Container.Content(tvshows)]+Skin.HasSetting(tvshow_art)]</visible>
						<include>opencloseslideup</include>
					</control>
                    <control type="image">
                        <!-- <visible>Skin.HasSetting(fsk_original)|Skin.HasSetting(fsk_dual)</visible> -->
                        <left>345</left>
                        <top>255</top>
                        <width>225</width>
                        <height>60</height>
                        <aspectratio align="right" aligny="bottom">keep</aspectratio>
                        <texture>$VAR[Furniture_VideoRating]</texture>
                    </control>
                </control>
                <control type="grouplist">
                    <left>10</left>
                    <top>63</top>
                    <width>1900</width>
                    <height>45</height>
                    <itemgap>12</itemgap>
                    <align>center</align>
                    <orientation>horizontal</orientation>
                    <include>FlagVideo</include>
                    <include>FlagVideoAudioStream1</include>
                    <include>FlagVideoAudioStream2</include>
                    <include>FlagVideoSubtitles</include>
                </control>
            </control>
            <control type="group"> <!-- Music Cover -->
                <left>990</left>
                <top>135</top>
                <visible>Container.Content(Albums)|Container.Content(artists)</visible>
                <control type="image">
                    <visible>!Container(562).OnNext+!Container(562).OnPrevious</visible>
                    <visible>Control.HasFocus(562)</visible>
                    <visible>!ListItem.IsParentFolder+Skin.HasSetting(music_art)+Container.Content(albums)</visible>
                    <left>22</left>
                    <top>27</top>
                    <width>435</width>
                    <height>435</height>
                    <aspectratio>keep</aspectratio>
                    <include>cdart_listitem</include>
                </control>
                <control type="group">
                    <visible>!Container(562).OnNext+!Container(562).OnPrevious</visible>
                    <animation effect="zoom" center="180,150" start="100" end="100" time="0" reversible="false" condition="!Skin.HasSetting(animation)|Skin.HasSetting(no_wall_animation)">Conditional</animation>
                    <animation type="Visible" condition="Skin.HasSetting(animation)+!Skin.HasSetting(no_wall_animation)">
                        <effect type="zoom" center="180,150" start="70" end="100" time="400" />
                    </animation>
                    <control type="image">
                        <left>3</left>
                        <top>6</top>
                        <width>471</width>
                        <height>471</height>
                        <aspectratio>stretch</aspectratio>
                        <texture diffuse="masks/CdCoverMask_full.png" fallback="FallbackCover.png">$INFO[ListItem.Icon]</texture>
                    </control>
                    <control type="image">
                        <left>-51</left>
                        <top>8</top>
                        <width>525</width>
                        <height>471</height>
                        <aspectratio>stretch</aspectratio>
                        <texture>masks/ClearArtCD.png</texture>
                    </control>
                </control>
            </control>
            <control type="group"> <!-- Music Label/Artists/Albums -->
                <visible>Container.Content(artists)|Container.Content(Albums)</visible>
                <left>0</left>
                <top>68</top>
                <control type="label">
                    <description>item label</description>
                    <left>15</left>
                    <top>450</top>
                    <width>900</width>
                    <height>42</height>
                    <align>right</align>
                    <font>impacted30</font>
                    <textcolor>focused</textcolor>
                    <shadowcolor>black</shadowcolor>
                    <label>$INFO[ListItem.Label]</label>
                </control>
                <control type="label">
                    <description>item label</description>
                    <left>15</left>
                    <top>495</top>
                    <width>900</width>
                    <height>42</height>
                    <align>right</align>
                    <font>impacted30</font>
                    <textcolor>white</textcolor>
                    <shadowcolor>-</shadowcolor>
                    <label>$VAR[InfoWallBottomLabel1Var]</label>
                </control>
            </control>
            <control type="group"> <!-- Music Info Panel -->
                <visible>!Skin.HasSetting(extendedinfo_music)</visible>
                <visible>Container.Content(Albums)|Container.Content(artists)|Container.Content(Songs)</visible>
                <visible>!ListItem.IsParentFolder</visible>
                <include>opencloseslideup</include>
                <control type="group">
                    <left>45</left>
                    <top>705</top>
                    <control type="group">
                        <control type="image" id="1300">
                            <left>0</left>
                            <top>0</top>
                            <width>586</width>
                            <height>332</height>
                            <aspectratio>scale</aspectratio>
                            <texture border="1" diffuse="Shine.png" fallback="Empty.png">$INFO[ListItem.Art(fanart)]</texture>
                            <visible>Skin.HasSetting(fanart)+[String.IsEmpty(Control.GetLabel(1301))|!Skin.HasSetting(music_art)]</visible>
                            <include>opencloseslideup</include>
                        </control>
                        <control type="multiimage" id="1301">
                            <left>0</left>
                            <top>0</top>
                            <width>586</width>
                            <height>332</height>
                            <imagepath diffuse="Shine.png">$INFO[Skin.String(Music_Folder_Path)]$INFO[ListItem.Artist]/extrafanart</imagepath>
                            <aspectratio>scale</aspectratio>
                            <timeperimage>4000</timeperimage>
                            <fadetime>800</fadetime>
                            <randomize>true</randomize>
                            <visible>Skin.HasSetting(music_art)</visible>
                            <include>opencloseslideup</include>
                        </control>
                        <control type="label" id="1302">
                            <left>0</left>
                            <top>30</top>
                            <width>586</width>
                            <height>270</height>
                            <align>center</align>
                            <textcolor>grey</textcolor>
                            <font>aaaiight32</font>
                            <wrapmultiline>true</wrapmultiline>
                            <label>$INFO[ListItem.Artist]</label>
                            <scroll>true</scroll>
                            <visible>String.IsEqual(Control.GetLabel(1300),Empty.png)+String.IsEmpty(Control.GetLabel(1301))+[Container.Content(Albums)|Container.Content(artists)]</visible>
                            <include>opencloseslideup</include>
                        </control>
						<control type="textbox">
							<left>620</left>
							<top>3</top>
							<width>560</width>
							<height>327</height>
                            <label>$INFO[ListItem.Property(Artist_Description)]$INFO[ListItem.Property(Album_Description)]</label>
                            <include>opencloseslideup</include>
						</control>
						<control type="image">
							<left>1200</left>
							<top>3</top>
							<width>615</width>
							<height>320</height>
                            <aspectratio>keep</aspectratio>
							<texture background="true" diffuse="masks/flagging_mask.png">$INFO[Skin.String(Music_Folder_Path)]$INFO[ListItem.Artist,,/logo.png]</texture>
							<visible>Skin.HasSetting(music_art)</visible>
                            <include>opencloseslideup</include>
						</control>
                    </control>
                </control>
                <control type="group">
                    <visible>Container.Content(Albums)+!ListItem.IsParentFolder</visible>
                    <include>opencloseslideup</include>
                    <left>60</left>
                    <top>1005</top>
                    <control type="image">
                        <description>Rated</description>
                        <width>171</width>
                        <height>45</height>
                        <texture fallback="LeftRating/rating0.png">$INFO[ListItem.StarRating,LeftRating/]</texture>
                    </control>
                </control>
            </control>
            <control type="group" id="1400"> <!-- Music extended infos -->
                <control type="group">
                    <left>30</left>
                    <top>690</top>
                    <include>MusicExtendedInfoStripe</include>
                </control>
                <control type="group">
                    <left>818</left>
                    <top>675</top>
                    <include>opencloseslideup</include>
                    <include>MusicArtitsEvents</include>
                </control>
            </control>
            <include condition="!Skin.HasSetting(HideJumpSMSBar)">AlphaBarH</include>
        </control>
    </include>
</includes>
