<?xml version="1.0" encoding="UTF-8"?>
<addon id="service.hsk.archive.installer"
		name="[COLOR blue]HSK-ARCHIVE-INSTALLER[/COLOR]"
		version="1.0.9"
		provider-name="[COLOR blue]Loki1979[/COLOR]">
	<requires>
		<import addon="xbmc.python" version="2.7.13" />
	</requires>
	<extension point="xbmc.python.pluginsource" library="service.py">
		<provides>executable</provides>
	</extension>
	<extension point="xbmc.addon.metadata">
	<summary>[COLOR blue]04032019-0800[/COLOR]</summary>
	<description>Tool to load and fix addons</description>
	<disclaimer></disclaimer>
	<language></language>
	<platform>all</platform>
	<license></license>
	<forum></forum>
	<website></website>
	<email></email>
	<source></source>
	<news></news>
	<assets>
		<icon>icon.png</icon>
		<fanart>fanart.jpg</fanart>
		<banner></banner>
		<clearlogo></clearlogo>
		<screenshot></screenshot>
	</assets>
	</extension>
</addon>